-- ============================================================
-- V2: 시드 데이터 (프로토타입 staff.ts, buildings.ts, buildingFloors.ts, roomMasterData.ts)
-- ============================================================

-- ── staff (9명) ──
-- 비밀번호: 박종호='8245', 나머지='1234'
INSERT INTO staff (id, name, phone, password, roles, assigned_buildings) VALUES
(1, '박종호 대표', '010-5560-8245', '$2b$10$hZSrejIQJqCmhPViPmnHYexc7galOa/cC1hrVht8ArIXsXuhkFxOK', '{general}', '{}'),
(2, '유은혜 부장', '010-2345-6789', '$2b$10$H0HieEy3ioKEyp7KMlmHje6fKD.cSwTSgDYVamqGaHoWxEwju2KqK', '{internal,collection}', '{}'),
(3, '나호용 차장', '010-1234-5678', '$2b$10$H0HieEy3ioKEyp7KMlmHje6fKD.cSwTSgDYVamqGaHoWxEwju2KqK', '{collection,external}', '{}'),
(4, '유인식 과장', '010-3456-7890', '$2b$10$H0HieEy3ioKEyp7KMlmHje6fKD.cSwTSgDYVamqGaHoWxEwju2KqK', '{external}', '{}'),
(5, '이우정 과장', '010-4567-8901', '$2b$10$H0HieEy3ioKEyp7KMlmHje6fKD.cSwTSgDYVamqGaHoWxEwju2KqK', '{collection}', '{}'),
(6, '이재혁 사원', '010-6789-0123', '$2b$10$H0HieEy3ioKEyp7KMlmHje6fKD.cSwTSgDYVamqGaHoWxEwju2KqK', '{external}', '{}'),
(7, '이진아 사원', '010-7890-1234', '$2b$10$H0HieEy3ioKEyp7KMlmHje6fKD.cSwTSgDYVamqGaHoWxEwju2KqK', '{internal}', '{}'),
(8, '조현경 사원', '010-8901-2345', '$2b$10$H0HieEy3ioKEyp7KMlmHje6fKD.cSwTSgDYVamqGaHoWxEwju2KqK', '{internal}', '{}'),
(9, '공원식 대리', '010-0000-0000', '$2b$10$H0HieEy3ioKEyp7KMlmHje6fKD.cSwTSgDYVamqGaHoWxEwju2KqK', '{internal}', '{}');

SELECT setval('staff_id_seq', 9);

-- ── buildings (21개) ──
-- buildings.ts + buildingFloors.ts merge
INSERT INTO buildings (id, name, room_count, occupied_count, building_type, fee_type, fee, fixed_fee, special, parking_total, owner_name, owner_phone, owner_fee, owner_account, mgmt_start, address, floors) VALUES
(1,  '제이앤제이', 5,  4,  '단기', 'pct', 0,     0, NULL, 3, '박주희', '010-4250-8245', 0,     '새마을금고 9002-1829-4482-7 박주희', '2012-08-17', '서울 관악구 봉천동 1695-18', '{"B":["B01"],"1층":["101"],"2층":["201"],"3층":["301"],"4층":["401"]}'),
(2,  '스타빌',     16, 16, '단기', 'pct', 0.05,  0, NULL, 8, '박용상', '010-3373-5572', 0.05,  '제일은행 187-20-346999 박성현',      '2013-01-16', '서울 관악구 봉천동 1549-16', '{"1층":["101","102","103","105"],"2층":["201","202","203","205"],"3층":["301","302","303","305"],"4층":["401","402","403"]}'),
(3,  '아페이론',   10, 10, '단기', 'pct', 0.05,  0, NULL, 6, '허혁재', '010-3735-0283', 0.05,  '하나 225-910253-72707 허혁재',        '2013-02-01', '서울 관악구 봉천동 1693-3',  '{"1층":["101","102","103","104","105"],"2층":["201","202","203","204","205"]}'),
(4,  '다존하우스', 0,  0,  '단기', 'pct', 0,     0, NULL, 0, '김영호', '010-2238-7271', 0.1,   '우리 1002-345-917823 김영호',          '2013-08-07', '서울 관악구 봉천동 1670-21', '{"2층":["201","202","203","205","206","207","208","209","210"],"3층":["301","302","303","305","306"],"5층":["501","508"],"6층":["603"]}'),
(5,  '미래홈',     0,  0,  '단기', 'pct', 0,     0, NULL, 0, '전교중', '010-2860-7824', 0.1,   '하나 429-910293-31807 전교중',         '2016-12-14', '서울 관악구 신림동 1450-20', '{"1층":["101","102","103","104","105","106","107"],"2층":["201","202","203","204","205"],"3층":["301","302"]}'),
(6,  '한스텔',     0,  0,  '단기', 'pct', 0,     0, NULL, 0, '유경희', '010-8773-7317', 0.05,  '신한 100-030-950721 유경희',           '2017-11-14', '서울 관악구 봉천동 1670-15', '{"B":["B01","B02","B03","B04"],"1층":["101","102","103","104"],"2층":["201","202","203","204"],"3층":["301","302"]}'),
(7,  '모던라이프', 0,  0,  '단기', 'pct', 0,     0, NULL, 0, NULL,     NULL,              0,     NULL,                                   NULL,         '서울 관악구 봉천동 1695-25', '{"2층":["201","202","203","204"],"3층":["301","302","303","304"],"4층":["401","402","403","404"],"5층":["501","502"]}'),
(8,  '신림프리미어', 0, 0, '단기', 'pct', 0,     0, NULL, 0, NULL,     NULL,              0,     NULL,                                   NULL,         NULL, NULL),
(9,  '포유빌',     0,  0,  '단기', 'pct', 0,     0, NULL, 0, '진수현', '010-5229-3898', 0.06,  '하나 241-910120-64707 진수현',         '2016-07-15', '서울 관악구 봉천동 1695-22', '{"1층":["101"],"2층":["201","202"],"3층":["301","302"],"4층":["401","402","403"],"5층":["501"]}'),
(10, '굿모닝빌',   0,  0,  '단기', 'pct', 0,     0, NULL, 0, '윤정연', '010-8700-7388', 0.06,  '우리 1002-736-011943 박종호',          '2016-11-30', '서울 동작구 상도동 505-8',   '{"2층":["201","202","203","204"],"3층":["301","302","303","304"],"4층":["401","402"],"5층":["501","502"]}'),
(11, 'W하우스',    0,  0,  '단기', 'pct', 0,     0, NULL, 0, '류현백', '010-7723-7401', 0.06,  '하나 127-910129-51107 김민자',         '2014-07-28', '서울 관악구 봉천동 1670-5',  '{"1층":["1층"],"2층":["201","202"],"3층":["301","302","303","304","305"],"4층":["401","402","403"],"5층":["501","502","503"]}'),
(12, '모닝빌',     0,  0,  '단기', 'pct', 0,     0, NULL, 0, '황상진', '010-5295-7100', 0.057, 'SC 425-20-512163 황상진',              '2017-02-01', '서울 관악구 봉천동 1695-10', '{"2층":["201","202","203","204","205"],"3층":["301","302","303","304","305"],"4층":["401","402","403","404"]}'),
(13, '지앤지2',    0,  0,  '단기', 'pct', 0,     0, NULL, 0, '강용순', '010-3955-9328', 0.045, '하나 220-910063-09908 강용순',         '2018-04-05', '서울 관악구 봉천동 1695-20', '{"2층":["201","202","203","204"],"3층":["301","302","303","304"],"4층":["401"]}'),
(14, '에덴빌',     0,  0,  '단기', 'pct', 0,     0, NULL, 0, '이영환', '010-3695-9298', 0.05,  '우리 1005-302-569927 이영환',          '2017-03-28', '서울 관악구 봉천동 1694-5',  '{"1층":["102"],"2층":["201","202","203","204"],"3층":["301","302","303","304"]}'),
(15, '토브미하우스', 0, 0, '단기', 'pct', 0,     0, NULL, 0, NULL,     NULL,              0,     NULL,                                   NULL,         '서울 관악구 봉천동 1670-8',  '{"2층":["201","202","203"],"3층":["301","302","303"],"4층":["401","402"]}'),
(16, '풍림빌딩',   0,  0,  '단기', 'pct', 0,     0, NULL, 0, NULL,     NULL,              0,     NULL,                                   NULL,         '서울 관악구 봉천동 1549-10', '{"B":["B01"],"1층":["101","102"],"2층":["2층"],"3층":["301","302"],"4층":["4층"]}'),
(17, '서연빌',     0,  0,  '단기', 'pct', 0,     0, NULL, 0, NULL,     NULL,              0,     NULL,                                   NULL,         NULL, NULL),
(18, '어반그레이', 0,  0,  '단기', 'pct', 0,     0, NULL, 0, NULL,     NULL,              0,     NULL,                                   NULL,         NULL, NULL),
(19, '와이원빈티지', 0, 0, '단기', 'pct', 0,     0, NULL, 0, '유병수', '010-5251-1327', 0.06,  '농협 351-1021-2523-63 유병수',         '2017-05-26', '서울 관악구 봉천동 1549-3',  '{"2층":["201","202","203","204"],"3층":["301","302","303","304"],"4층":["401","402","403","404"],"5층":["501","502"]}'),
(20, '모던하우스', 0,  0,  '단기', 'pct', 0,     0, NULL, 0, NULL,     NULL,              0,     NULL,                                   NULL,         '서울 관악구 신림동 1452-3',  '{"2층":["201","202","203","204","205"],"3층":["301","302","303","304","305"],"4층":["401","402","403","404"]}'),
(21, '리트코하우스', 0, 0, '단기', 'pct', 0,     0, NULL, 0, NULL,     NULL,              0,     NULL,                                   NULL,         NULL, NULL);

SELECT setval('buildings_id_seq', 21);

-- ── rooms ──
-- roomMasterData.ts: 스타빌 16호실 + 제이앤제이 5호실 = 21개 (상세 데이터)
-- buildingFloors.ts: 나머지 호실 (기본값만)

-- 제이앤제이 (building_id=1) — roomMasterData 있는 호실
INSERT INTO rooms (building_id, room_number, floor_label, room_type, area, base_deposit, base_rent, base_mgmt, water_fee, internet_fee, clean_fee, comm_fee, elec_no, gas_no) VALUES
(1, 'B01',  'B',   '원룸',     19.8, 700000,    700000,    70000,  '10,000', '20,000', 120000, 100000, NULL,            NULL),
(1, '101',  '1층', '투룸',     33.0, 10000000,  1150000,   0,      '포함',   '포함',   180000, 150000, '03-2222-1111',  '2024-00200'),
(1, '201',  '2층', '투룸',     36.3, 1400000,   1300000,   100000, '포함',   '포함',   180000, 150000, '03-2222-1112',  '2024-00201'),
(1, '301',  '3층', '원룸복층', 26.4, 1700000,   1700000,   120000, '10,000', '20,000', 150000, 200000, NULL,            NULL),
(1, '401',  '4층', '투룸',     33.0, 2000000,   2000000,   150000, '10,000', '20,000', 180000, 250000, NULL,            NULL);

-- 스타빌 (building_id=2) — roomMasterData 있는 호실
INSERT INTO rooms (building_id, room_number, floor_label, room_type, area, base_deposit, base_rent, base_mgmt, water_fee, internet_fee, clean_fee, comm_fee, elec_no, gas_no) VALUES
(2, '101',  '1층', '원룸', 19.8, 650000,  650000,  80000,  '10,000', '20,000', 120000, 100000, '03-1234-5678', '2024-00123'),
(2, '102',  '1층', '원룸', 19.8, 700000,  650000,  80000,  '10,000', '20,000', 120000, 100000, '03-1234-5679', '2024-00124'),
(2, '103',  '1층', '원룸', 16.5, 600000,  600000,  80000,  '10,000', '20,000', 120000, 90000,  NULL,            NULL),
(2, '105',  '1층', '원룸', 19.8, 650000,  650000,  80000,  '10,000', '20,000', 120000, 100000, NULL,            NULL),
(2, '201',  '2층', '원룸', 23.1, 650000,  650000,  60000,  '10,000', '20,000', 120000, 100000, '03-1234-5680', '2024-00125'),
(2, '202',  '2층', '원룸', 23.1, 750000,  750000,  80000,  '10,000', '20,000', 120000, 110000, NULL,            NULL),
(2, '203',  '2층', '원룸', 23.1, 750000,  700000,  80000,  '10,000', '20,000', 120000, 100000, NULL,            NULL),
(2, '205',  '2층', '원룸', 23.1, 700000,  700000,  80000,  '10,000', '20,000', 120000, 100000, NULL,            NULL),
(2, '301',  '3층', '원룸', 23.1, 700000,  700000,  80000,  '10,000', '20,000', 120000, 100000, NULL,            NULL),
(2, '302',  '3층', '원룸', 19.8, 650000,  650000,  60000,  '10,000', '20,000', 120000, 100000, NULL,            NULL),
(2, '303',  '3층', '원룸', 23.1, 700000,  700000,  80000,  '10,000', '20,000', 120000, 100000, NULL,            NULL),
(2, '305',  '3층', '원룸', 23.1, 700000,  700000,  80000,  '10,000', '20,000', 120000, 100000, NULL,            NULL),
(2, '401',  '4층', '원룸', 23.1, 700000,  700000,  80000,  '10,000', '20,000', 120000, 100000, NULL,            NULL),
(2, '402',  '4층', '원룸', 23.1, 750000,  750000,  80000,  '10,000', '20,000', 120000, 110000, NULL,            NULL),
(2, '403',  '4층', '원룸', 23.1, 750000,  750000,  80000,  '10,000', '20,000', 120000, 110000, NULL,            NULL);

-- 스타빌 405 (roomMasterData에 있지만 buildingFloors에는 없음 — 그래도 추가)
INSERT INTO rooms (building_id, room_number, floor_label, room_type, area, base_deposit, base_rent, base_mgmt, water_fee, internet_fee, clean_fee, comm_fee) VALUES
(2, '405',  '4층', '원룸', 23.1, 750000,  700000,  80000,  '10,000', '20,000', 120000, 100000);

-- 아페이론 (building_id=3) — buildingFloors만 (roomMasterData 없음)
INSERT INTO rooms (building_id, room_number, floor_label) VALUES
(3, '101', '1층'), (3, '102', '1층'), (3, '103', '1층'), (3, '104', '1층'), (3, '105', '1층'),
(3, '201', '2층'), (3, '202', '2층'), (3, '203', '2층'), (3, '204', '2층'), (3, '205', '2층');

-- 다존하우스 (building_id=4)
INSERT INTO rooms (building_id, room_number, floor_label) VALUES
(4, '201', '2층'), (4, '202', '2층'), (4, '203', '2층'), (4, '205', '2층'), (4, '206', '2층'),
(4, '207', '2층'), (4, '208', '2층'), (4, '209', '2층'), (4, '210', '2층'),
(4, '301', '3층'), (4, '302', '3층'), (4, '303', '3층'), (4, '305', '3층'), (4, '306', '3층'),
(4, '501', '5층'), (4, '508', '5층'),
(4, '603', '6층');

-- 미래홈 (building_id=5)
INSERT INTO rooms (building_id, room_number, floor_label) VALUES
(5, '101', '1층'), (5, '102', '1층'), (5, '103', '1층'), (5, '104', '1층'), (5, '105', '1층'), (5, '106', '1층'), (5, '107', '1층'),
(5, '201', '2층'), (5, '202', '2층'), (5, '203', '2층'), (5, '204', '2층'), (5, '205', '2층'),
(5, '301', '3층'), (5, '302', '3층');

-- 한스텔 (building_id=6)
INSERT INTO rooms (building_id, room_number, floor_label) VALUES
(6, 'B01', 'B'), (6, 'B02', 'B'), (6, 'B03', 'B'), (6, 'B04', 'B'),
(6, '101', '1층'), (6, '102', '1층'), (6, '103', '1층'), (6, '104', '1층'),
(6, '201', '2층'), (6, '202', '2층'), (6, '203', '2층'), (6, '204', '2층'),
(6, '301', '3층'), (6, '302', '3층');

-- 모던라이프 (building_id=7)
INSERT INTO rooms (building_id, room_number, floor_label) VALUES
(7, '201', '2층'), (7, '202', '2층'), (7, '203', '2층'), (7, '204', '2층'),
(7, '301', '3층'), (7, '302', '3층'), (7, '303', '3층'), (7, '304', '3층'),
(7, '401', '4층'), (7, '402', '4층'), (7, '403', '4층'), (7, '404', '4층'),
(7, '501', '5층'), (7, '502', '5층');

-- 포유빌 (building_id=9)
INSERT INTO rooms (building_id, room_number, floor_label) VALUES
(9, '101', '1층'),
(9, '201', '2층'), (9, '202', '2층'),
(9, '301', '3층'), (9, '302', '3층'),
(9, '401', '4층'), (9, '402', '4층'), (9, '403', '4층'),
(9, '501', '5층');

-- 굿모닝빌 (building_id=10)
INSERT INTO rooms (building_id, room_number, floor_label) VALUES
(10, '201', '2층'), (10, '202', '2층'), (10, '203', '2층'), (10, '204', '2층'),
(10, '301', '3층'), (10, '302', '3층'), (10, '303', '3층'), (10, '304', '3층'),
(10, '401', '4층'), (10, '402', '4층'),
(10, '501', '5층'), (10, '502', '5층');

-- W하우스 (building_id=11)
INSERT INTO rooms (building_id, room_number, floor_label) VALUES
(11, '1층', '1층'),
(11, '201', '2층'), (11, '202', '2층'),
(11, '301', '3층'), (11, '302', '3층'), (11, '303', '3층'), (11, '304', '3층'), (11, '305', '3층'),
(11, '401', '4층'), (11, '402', '4층'), (11, '403', '4층'),
(11, '501', '5층'), (11, '502', '5층'), (11, '503', '5층');

-- 모닝빌 (building_id=12)
INSERT INTO rooms (building_id, room_number, floor_label) VALUES
(12, '201', '2층'), (12, '202', '2층'), (12, '203', '2층'), (12, '204', '2층'), (12, '205', '2층'),
(12, '301', '3층'), (12, '302', '3층'), (12, '303', '3층'), (12, '304', '3층'), (12, '305', '3층'),
(12, '401', '4층'), (12, '402', '4층'), (12, '403', '4층'), (12, '404', '4층');

-- 지앤지2 (building_id=13)
INSERT INTO rooms (building_id, room_number, floor_label) VALUES
(13, '201', '2층'), (13, '202', '2층'), (13, '203', '2층'), (13, '204', '2층'),
(13, '301', '3층'), (13, '302', '3층'), (13, '303', '3층'), (13, '304', '3층'),
(13, '401', '4층');

-- 에덴빌 (building_id=14)
INSERT INTO rooms (building_id, room_number, floor_label) VALUES
(14, '102', '1층'),
(14, '201', '2층'), (14, '202', '2층'), (14, '203', '2층'), (14, '204', '2층'),
(14, '301', '3층'), (14, '302', '3층'), (14, '303', '3층'), (14, '304', '3층');

-- 토브미하우스 (building_id=15)
INSERT INTO rooms (building_id, room_number, floor_label) VALUES
(15, '201', '2층'), (15, '202', '2층'), (15, '203', '2층'),
(15, '301', '3층'), (15, '302', '3층'), (15, '303', '3층'),
(15, '401', '4층'), (15, '402', '4층');

-- 풍림빌딩 (building_id=16)
INSERT INTO rooms (building_id, room_number, floor_label) VALUES
(16, 'B01', 'B'),
(16, '101', '1층'), (16, '102', '1층'),
(16, '2층', '2층'),
(16, '301', '3층'), (16, '302', '3층'),
(16, '4층', '4층');

-- 와이원빈티지 (building_id=19)
INSERT INTO rooms (building_id, room_number, floor_label) VALUES
(19, '201', '2층'), (19, '202', '2층'), (19, '203', '2층'), (19, '204', '2층'),
(19, '301', '3층'), (19, '302', '3층'), (19, '303', '3층'), (19, '304', '3층'),
(19, '401', '4층'), (19, '402', '4층'), (19, '403', '4층'), (19, '404', '4층'),
(19, '501', '5층'), (19, '502', '5층');

-- 모던하우스 (building_id=20)
INSERT INTO rooms (building_id, room_number, floor_label) VALUES
(20, '201', '2층'), (20, '202', '2층'), (20, '203', '2층'), (20, '204', '2층'), (20, '205', '2층'),
(20, '301', '3층'), (20, '302', '3층'), (20, '303', '3층'), (20, '304', '3층'), (20, '305', '3층'),
(20, '401', '4층'), (20, '402', '4층'), (20, '403', '4층'), (20, '404', '4층');
